Direction,Landlocked,Coastal,Insular,Polar,Equatorial,TransOrbital,IntraOrbital
East,$16.32 \pm 4.9236005$,$0.0 \pm 0.0$,$0.0 \pm 0.0$,$10.4 \pm 1.9605723$,$5.152 \pm 7.2358312$,$1.68 \pm 3.1092229$,$16.304 \pm 4.9246153$
West,$15.76 \pm 3.3396936$,$18.88 \pm 2.7772852$,$0.0 \pm 0.0$,$5.84 \pm 1.9945873$,$4.8 \pm 7.068944$,$6.88 \pm 4.7379371$,$15.76 \pm 3.3396936$
North,$20.0 \pm 0.0$,$13.76 \pm 1.9865413$,$7.28 \pm 1.5375188$,$nan \pm nan$,$16.32 \pm 1.0857158$,$nan \pm nan$,$20.0 \pm 0.0$
South,$18.96 \pm 1.7554149$,$20.0 \pm 0.0$,$5.68 \pm 3.2105931$,$nan \pm nan$,$15.2 \pm 1.6008006$,$nan \pm nan$,$18.96 \pm 1.7554149$
